residue_number,bfactor_enm,bfactor_md,bfactor_exp
4,36.79,8.88,30.79
5,26.87,5.38,25.99
6,26.68,6.39,25.45
7,20.49,6.26,25.89
8,23.53,8.69,27.17
9,31.28,9.79,28.25
10,18.51,8.24,22.92
11,19.08,6.37,22.57
12,24.81,10.76,21.21
13,22.70,6.38,21.98
14,15.65,4.22,21.57
15,15.58,3.55,20.50
16,11.40,3.40,20.50
17,10.91,3.39,22.47
18,22.79,3.24,23.88
19,16.27,3.70,24.12
20,13.49,3.88,23.78
21,21.76,4.38,25.39
22,20.77,5.40,25.34
23,25.23,6.05,25.63
24,38.38,6.91,27.26
25,40.73,9.26,32.77
26,54.18,9.76,34.12
27,84.53,13.16,34.93
28,69.25,8.98,32.40
29,63.73,9.83,33.78
30,51.27,9.13,31.67
31,42.06,9.98,33.87
32,36.74,9.94,33.42
33,37.75,10.23,33.60
34,55.32,17.99,38.37
35,73.92,22.10,41.65
36,97.22,31.78,44.62
37,67.60,28.22,42.86
38,84.77,52.06,44.42
39,113.67,35.79,46.58
40,75.00,27.42,41.95
41,57.91,19.16,35.58
42,82.61,25.33,40.85
43,93.21,27.43,41.98
44,66.00,20.58,38.94
45,48.04,16.95,33.97
46,50.33,23.95,34.62
47,67.82,27.44,38.57
48,54.55,23.06,35.43
49,47.18,24.91,29.05
50,20.77,18.45,25.09
51,25.98,21.70,27.05
52,16.62,11.99,24.50
53,21.24,11.15,24.69
54,22.42,9.44,22.96
55,20.95,6.62,21.53
56,14.34,6.29,23.28
57,13.16,6.07,23.87
58,19.44,5.77,26.50
59,34.61,8.40,31.25
60,103.65,11.39,41.07
61,200.63,39.81,45.66
62,101.47,52.49,47.91
63,41.57,18.25,37.81
64,24.51,9.64,31.69
65,12.29,7.29,25.50
66,11.99,7.27,22.04
67,12.15,5.70,20.97
68,13.46,4.77,19.25
69,15.42,4.56,19.87
70,11.24,4.29,19.08
71,11.56,3.89,20.26
72,13.78,3.59,19.47
73,12.96,3.84,21.06
74,15.71,4.28,24.02
75,15.65,4.72,25.16
76,13.30,5.39,24.90
77,17.76,6.23,27.02
78,22.36,8.31,28.98
79,30.93,9.21,28.89
80,31.03,14.15,30.57
81,18.78,10.03,28.34
82,15.70,12.75,25.89
83,28.76,15.78,26.07
84,47.25,18.65,28.10
85,41.58,18.67,29.85
86,25.57,10.82,29.87
87,21.73,9.51,30.01
88,19.24,9.46,27.73
89,15.72,6.15,24.91
90,13.02,5.76,24.57
91,14.36,6.61,23.74
92,11.79,6.06,22.64
93,13.32,6.14,21.75
94,11.47,6.79,20.51
95,13.50,6.53,20.47
96,14.76,6.43,22.18
97,17.31,10.23,18.13
98,17.70,11.04,17.62
99,16.05,11.19,18.63
100,18.46,14.79,19.00
101,24.17,16.77,21.70
102,19.86,15.16,20.10
103,19.01,15.15,20.55
104,31.92,18.47,23.99
105,34.76,23.43,24.04
106,29.08,19.40,24.27
107,37.18,22.19,29.79
108,55.19,29.17,32.57
109,47.40,25.88,29.24
110,40.89,27.36,31.20
111,53.82,33.44,36.81
112,68.07,42.27,41.10
113,96.38,78.22,46.58
114,100.21,96.01,42.86
115,63.84,56.87,36.64
116,90.24,66.77,36.31
117,97.01,69.24,34.74
118,67.05,45.43,31.22
119,51.55,37.10,32.88
120,75.23,46.82,31.52
121,72.53,44.57,32.79
122,48.08,29.94,30.57
123,50.90,30.47,30.66
124,67.47,40.15,31.88
125,53.24,33.26,31.11
126,33.23,23.14,25.94
127,37.22,24.50,26.78
128,38.78,27.07,25.43
129,23.95,22.80,24.50
130,22.55,16.80,23.13
131,26.01,19.33,23.27
132,24.39,16.70,23.27
133,19.51,12.68,21.57
134,22.51,15.97,23.05
135,23.61,19.59,26.70
136,21.36,16.07,29.19
137,18.21,15.33,31.45
138,29.55,25.84,40.32
139,43.93,28.94,44.87
140,27.54,22.01,36.96
141,24.44,19.11,30.11
142,17.64,12.45,24.67
143,15.49,11.93,24.08
144,20.94,14.53,29.51
145,27.62,18.94,30.86
146,36.73,21.62,33.00
147,35.30,17.29,30.74
148,21.56,10.45,26.39
149,13.09,7.28,23.47
150,9.58,5.75,21.92
151,10.64,5.81,20.75
152,13.52,5.10,20.06
153,10.30,4.45,18.77
154,11.14,4.57,20.28
155,12.42,5.74,17.71
156,14.69,5.20,18.60
157,16.14,5.13,19.50
158,18.00,7.35,18.14
159,18.27,7.69,23.17
160,21.58,7.23,23.46
161,19.75,9.94,21.54
162,24.42,13.33,22.64
163,27.41,14.13,26.21
164,32.38,16.34,30.38
165,37.79,19.66,29.11
166,41.56,22.05,30.87
167,45.63,28.56,31.21
168,56.88,30.91,30.26
169,36.22,28.42,25.30
170,31.18,25.85,25.01
171,46.67,31.45,26.28
172,58.61,28.17,23.52
173,27.34,18.79,22.71
174,30.99,20.28,21.92
175,25.94,16.85,21.82
176,19.47,11.79,21.50
177,30.74,14.25,24.03
178,32.97,15.42,22.68
179,21.15,11.06,21.39
180,22.25,9.83,23.48
181,32.97,13.80,26.37
182,33.75,14.48,23.14
183,23.51,9.46,22.41
184,30.93,11.47,27.23
185,37.91,15.89,27.45
186,33.17,11.95,24.35
187,37.54,13.36,25.16
188,30.64,9.46,26.33
189,21.72,7.46,24.10
190,30.93,10.47,26.12
191,41.39,12.18,28.81
192,29.65,9.32,26.07
193,37.08,9.65,27.93
194,67.04,15.71,32.49
195,70.49,19.21,33.23
196,103.19,26.58,35.15
197,78.10,24.03,34.74
198,48.67,11.29,31.52
199,40.71,10.99,31.15
200,47.17,12.58,32.08
201,35.90,12.90,29.53
202,25.95,12.07,28.95
203,24.28,11.35,26.70
204,26.56,13.61,27.97
205,36.18,17.09,28.62
206,43.90,20.07,31.14
207,59.26,37.91,35.79
208,44.34,30.27,32.87
209,50.40,32.40,33.99
210,37.78,18.86,31.90
211,31.22,18.62,28.84
212,35.14,18.17,34.27
213,51.30,38.08,41.19
220,36.79,12.19,30.79
221,26.87,9.23,25.99
222,26.68,9.53,25.45
223,20.49,9.25,25.89
224,23.53,13.00,27.17
225,31.28,14.19,28.25
226,18.51,10.63,22.92
227,19.08,8.65,22.57
228,24.81,13.49,21.21
229,22.69,9.34,21.98
230,15.65,6.68,21.57
231,15.58,5.56,20.50
232,11.40,4.99,20.50
233,10.91,4.97,22.47
234,22.79,4.89,23.88
235,16.27,4.93,24.12
236,13.49,5.05,23.78
237,21.76,6.30,25.39
238,20.77,8.21,25.34
239,25.23,8.32,25.63
240,38.38,9.60,27.26
241,40.73,13.16,32.77
242,54.19,16.90,34.12
243,84.55,22.48,34.93
244,69.24,15.43,32.40
245,63.72,15.41,33.78
246,51.27,12.38,31.67
247,42.06,13.06,33.87
248,36.74,15.88,33.42
249,37.75,19.68,33.60
250,55.32,47.46,38.37
251,73.91,62.74,41.65
252,97.21,81.87,44.62
253,67.61,65.47,42.86
254,84.77,63.71,44.42
255,113.67,73.72,46.58
256,75.00,53.17,41.95
257,57.91,32.91,35.58
258,82.61,44.25,40.85
259,93.21,47.94,41.98
260,66.02,32.40,38.94
261,48.05,27.76,33.97
262,50.33,36.60,34.62
263,67.82,41.61,38.57
264,54.54,37.71,35.43
265,47.18,46.09,29.05
266,20.77,49.43,25.09
267,25.98,39.46,27.05
268,16.62,28.22,24.50
269,21.23,70.55,24.69
270,22.42,23.06,22.96
271,20.95,11.80,21.53
272,14.34,8.00,23.28
273,13.16,8.72,23.87
274,19.44,8.05,26.50
275,34.60,11.72,31.25
276,103.64,18.93,41.07
277,200.65,49.79,45.66
278,101.46,65.24,47.91
279,41.57,27.21,37.81
280,24.51,15.38,31.69
281,12.29,9.43,25.50
282,11.99,8.58,22.04
283,12.15,8.33,20.97
284,13.46,7.86,19.25
285,15.41,6.32,19.87
286,11.24,5.80,19.08
287,11.56,5.12,20.26
288,13.78,5.44,19.47
289,12.96,5.30,21.06
290,15.71,5.41,24.02
291,15.65,5.61,25.16
292,13.30,6.22,24.90
293,17.76,7.28,27.02
294,22.36,10.18,28.98
295,30.93,11.06,28.89
296,31.03,15.70,30.57
297,18.78,10.04,28.34
298,15.70,15.22,25.89
299,28.76,20.41,26.07
300,47.25,23.60,28.10
301,41.57,14.41,29.85
302,25.57,8.03,29.87
303,21.73,8.93,30.01
304,19.24,8.47,27.73
305,15.72,5.37,24.91
306,13.02,5.20,24.57
307,14.36,6.12,23.74
308,11.79,5.89,22.64
309,13.32,5.03,21.75
310,11.47,5.46,20.51
311,13.50,5.78,20.47
312,14.76,5.50,22.18
313,17.31,7.87,18.13
314,17.70,8.03,17.62
315,16.05,6.85,18.63
316,18.46,7.85,19.00
317,24.17,11.00,21.70
318,19.86,10.97,20.10
319,19.01,10.58,20.55
320,31.92,16.79,23.99
321,34.76,18.71,24.04
322,29.08,14.61,24.27
323,37.18,14.93,29.79
324,55.20,23.01,32.57
325,47.40,22.44,29.24
326,40.89,21.45,31.20
327,53.82,28.86,36.81
328,68.07,38.97,41.10
329,96.37,69.83,46.58
330,100.20,65.15,42.86
331,63.84,36.24,36.64
332,90.24,41.14,36.31
333,97.00,47.23,34.74
334,67.05,35.44,31.22
335,51.55,28.00,32.88
336,75.22,36.58,31.52
337,72.54,37.63,32.79
338,48.08,24.45,30.57
339,50.90,26.79,30.66
340,67.47,38.27,31.88
341,53.24,31.51,31.11
342,33.23,20.99,25.94
343,37.22,22.33,26.78
344,38.78,23.23,25.43
345,23.95,15.54,24.50
346,22.55,15.25,23.13
347,26.01,18.65,23.27
348,24.39,16.27,23.27
349,19.51,11.54,21.57
350,22.51,14.93,23.05
351,23.61,20.52,26.70
352,21.36,20.77,29.19
353,18.21,17.06,31.45
354,29.55,28.11,40.32
355,43.93,61.15,44.87
356,27.54,24.14,36.96
357,24.44,22.65,30.11
358,17.64,10.28,24.67
359,15.49,8.43,24.08
360,20.94,10.26,29.51
361,27.62,17.16,30.86
362,36.74,21.34,33.00
363,35.30,20.33,30.74
364,21.56,14.18,26.39
365,13.09,12.40,23.47
366,9.58,8.23,21.92
367,10.64,6.93,20.75
368,13.52,4.83,20.06
369,10.30,4.80,18.77
370,11.14,5.52,20.28
371,12.42,5.45,17.71
372,14.69,4.98,18.60
373,16.14,6.06,19.50
374,18.00,7.95,18.14
375,18.27,8.33,23.17
376,21.58,8.05,23.46
377,19.75,10.89,21.54
378,24.42,14.27,22.64
379,27.41,15.21,26.21
380,32.38,17.13,30.38
381,37.79,20.83,29.11
382,41.56,22.38,30.87
383,45.63,32.02,31.21
384,56.88,32.18,30.26
385,36.22,31.04,25.30
386,31.18,28.99,25.01
387,46.67,42.81,26.28
388,58.61,38.59,23.52
389,27.35,21.89,22.71
390,30.99,24.07,21.92
391,25.95,17.62,21.82
392,19.47,11.21,21.50
393,30.74,13.25,24.03
394,32.97,13.49,22.68
395,21.15,9.40,21.39
396,22.25,8.42,23.48
397,32.97,11.21,26.37
398,33.75,11.97,23.14
399,23.51,8.80,22.41
400,30.93,11.70,27.23
401,37.91,15.66,27.45
402,33.17,13.90,24.35
403,37.54,17.27,25.16
404,30.64,12.69,26.33
405,21.73,9.12,24.10
406,30.93,12.80,26.12
407,41.39,17.19,28.81
408,29.65,12.68,26.07
409,37.08,11.42,27.93
410,67.04,21.46,32.49
411,70.50,28.37,33.23
412,103.20,63.51,35.15
413,78.11,80.30,34.74
414,48.67,31.19,31.52
415,40.70,16.06,31.15
416,47.17,16.61,32.08
417,35.90,17.31,29.53
418,25.94,16.43,28.95
419,24.28,13.51,26.70
420,26.56,15.86,27.97
421,36.18,19.27,28.62
422,43.89,27.78,31.14
423,59.26,43.36,35.79
424,44.34,30.58,32.87
425,50.40,32.04,33.99
426,37.78,22.58,31.90
427,31.22,18.51,28.84
428,35.14,33.18,34.27
429,51.30,105.04,41.19
