residue_number,bfactor
3,2.567268e+01
4,2.292525e+01
5,2.917129e+01
6,2.533886e+01
7,1.799560e+01
8,2.074408e+01
9,2.668139e+01
10,2.240926e+01
11,1.900326e+01
12,2.234842e+01
13,2.275524e+01
14,2.670292e+01
15,3.073424e+01
16,2.847518e+01
17,3.816981e+01
18,3.859943e+01
19,3.403801e+01
20,2.798712e+01
21,2.150043e+01
22,1.868280e+01
23,1.610676e+01
24,2.185122e+01
25,2.391033e+01
26,3.407465e+01
27,2.670793e+01
28,2.473301e+01
29,1.646789e+01
30,1.731661e+01
31,1.278089e+01
32,9.914038e+00
33,1.030434e+01
34,1.099945e+01
35,1.353965e+01
36,1.949559e+01
37,2.542364e+01
38,2.892127e+01
39,2.259735e+01
40,1.623521e+01
41,1.574616e+01
42,1.173539e+01
43,1.440339e+01
44,1.674580e+01
45,2.586717e+01
46,3.861468e+01
47,7.626241e+01
48,1.035776e+02
49,9.569355e+01
50,3.269279e+01
51,1.755596e+01
52,1.487107e+01
53,1.271444e+01
54,1.555484e+01
55,2.001870e+01
56,1.894394e+01
57,1.575801e+01
58,2.125797e+01
59,2.483595e+01
60,2.019937e+01
61,1.203958e+01
62,9.413176e+00
63,8.491685e+00
64,1.020759e+01
65,1.035749e+01
66,1.145087e+01
67,1.275899e+01
68,1.188638e+01
69,1.640233e+01
70,2.139464e+01
71,3.572381e+01
72,3.700415e+01
73,1.982468e+01
74,2.085197e+01
75,1.604064e+01
76,2.425781e+01
77,2.133329e+01
78,1.682537e+01
79,1.439676e+01
80,1.820198e+01
81,2.018014e+01
82,3.109608e+01
83,3.623723e+01
84,3.623378e+01
85,2.428194e+01
86,2.248313e+01
87,1.675814e+01
88,1.471057e+01
89,1.371145e+01
90,1.422640e+01
91,1.619852e+01
92,1.412157e+01
93,2.230217e+01
94,2.025724e+01
95,1.481944e+01
96,1.848793e+01
97,2.383816e+01
98,1.886994e+01
99,1.816184e+01
100,3.342079e+01
101,3.075178e+01
102,2.967599e+01
103,2.262019e+01
104,2.046448e+01
105,1.821305e+01
106,1.334870e+01
107,1.338624e+01
108,1.442019e+01
109,1.018626e+01
110,8.496781e+00
111,1.036539e+01
112,1.023458e+01
113,8.053052e+00
114,8.406738e+00
115,1.074498e+01
116,1.020620e+01
117,8.551101e+00
118,1.026294e+01
119,1.305570e+01
120,1.071931e+01
121,1.112794e+01
122,1.468300e+01
123,1.356986e+01
124,1.189625e+01
125,1.462512e+01
126,1.628902e+01
127,1.684794e+01
128,1.842564e+01
129,2.128666e+01
130,3.088188e+01
131,6.724870e+01
132,4.967568e+01
133,5.160399e+01
134,5.903624e+01
135,3.731385e+01
136,2.881869e+01
137,5.045686e+01
138,5.915937e+01
139,3.533093e+01
140,4.869075e+01
141,8.858459e+01
142,8.411634e+01
143,6.663242e+01
144,1.150574e+02
145,1.708183e+02
146,1.632035e+02
147,2.205336e+02
148,1.592746e+02
149,1.238412e+02
150,1.669481e+02
151,2.291025e+02
152,2.416384e+02
153,3.396905e+02
154,2.428485e+02
155,1.460611e+02
156,1.192485e+02
157,1.021554e+02
158,7.858643e+01
159,8.580504e+01
160,4.930449e+01
161,4.400964e+01
162,4.170386e+01
163,3.448357e+01
164,1.957246e+01
165,1.708243e+01
166,2.138323e+01
167,1.379564e+01
168,1.197020e+01
169,1.720732e+01
170,2.191747e+01
171,3.499660e+01
172,5.605073e+01
173,6.054414e+01
174,8.977415e+01
175,7.084837e+01
176,4.348130e+01
177,6.493413e+01
178,8.536543e+01
179,6.357608e+01
180,5.574147e+01
181,8.902314e+01
182,1.001155e+02
183,8.261565e+01
184,9.487293e+01
185,1.373008e+02
186,1.442888e+02
187,1.332243e+02
188,1.058725e+02
189,7.939056e+01
190,8.668393e+01
191,8.128225e+01
192,1.254314e+02
193,1.434436e+02
194,1.063447e+02
195,8.456337e+01
196,6.688068e+01
197,8.325279e+01
198,8.589415e+01
199,1.237708e+02
202,3.089675e+01
203,2.970237e+01
204,3.856819e+01
205,3.540185e+01
206,2.528085e+01
207,2.820856e+01
208,3.901827e+01
209,3.484568e+01
210,2.698333e+01
211,2.952105e+01
212,2.695638e+01
213,2.704641e+01
214,2.879958e+01
215,2.131325e+01
216,2.620379e+01
217,2.575948e+01
218,2.367309e+01
219,1.975414e+01
220,1.580241e+01
221,1.484089e+01
222,1.341997e+01
223,2.050140e+01
224,2.256927e+01
225,3.149382e+01
226,3.211145e+01
227,3.185871e+01
228,2.143618e+01
229,2.521792e+01
230,1.850675e+01
231,1.329536e+01
232,1.308617e+01
233,1.304658e+01
234,1.275681e+01
235,2.028007e+01
236,2.370813e+01
237,2.289767e+01
238,1.747769e+01
239,1.139131e+01
240,1.068558e+01
241,9.646712e+00
242,1.292379e+01
243,1.885821e+01
244,2.952126e+01
245,5.867562e+01
246,6.744164e+01
247,7.765867e+01
248,9.850424e+01
249,6.248909e+01
250,2.684399e+01
251,2.010599e+01
252,1.439880e+01
253,1.636881e+01
254,1.752270e+01
255,1.374782e+01
256,1.233940e+01
257,1.793858e+01
258,2.120243e+01
259,1.853984e+01
260,1.009783e+01
261,8.830752e+00
262,8.348041e+00
263,1.150530e+01
264,1.153154e+01
265,1.206114e+01
266,1.737177e+01
267,1.618848e+01
268,1.812924e+01
269,2.451401e+01
270,4.542038e+01
271,4.518451e+01
272,2.427598e+01
273,2.605292e+01
274,1.823888e+01
275,2.109641e+01
276,1.759248e+01
277,1.283093e+01
278,9.760435e+00
279,1.224845e+01
280,1.429908e+01
281,1.835520e+01
282,2.348905e+01
283,2.651582e+01
284,2.001343e+01
285,2.135460e+01
286,1.657503e+01
287,1.810105e+01
288,1.834046e+01
289,1.991465e+01
290,2.243067e+01
291,2.025445e+01
292,2.959861e+01
293,2.758568e+01
294,2.014650e+01
295,2.529344e+01
296,3.151294e+01
297,2.585977e+01
298,2.450361e+01
299,3.606293e+01
300,3.848766e+01
301,2.921311e+01
302,2.244092e+01
303,1.695516e+01
304,1.457840e+01
305,1.195946e+01
306,1.092922e+01
307,1.066370e+01
308,8.542305e+00
309,8.100963e+00
310,8.474283e+00
311,8.305401e+00
312,7.711157e+00
313,7.832198e+00
314,8.927971e+00
315,8.037449e+00
316,7.519061e+00
317,8.585810e+00
318,9.371517e+00
319,9.158453e+00
320,9.961295e+00
321,1.085264e+01
322,1.117731e+01
323,1.172044e+01
324,1.394777e+01
325,1.378256e+01
326,1.342877e+01
327,1.418070e+01
328,1.442944e+01
329,2.081026e+01
330,3.689466e+01
331,2.712662e+01
332,3.130623e+01
333,2.976680e+01
334,2.076280e+01
335,1.864841e+01
336,2.608317e+01
337,2.639783e+01
338,2.334617e+01
339,3.112346e+01
340,3.724943e+01
341,4.418893e+01
342,5.103569e+01
343,6.742956e+01
344,9.405508e+01
345,1.122657e+02
346,1.612732e+02
347,2.107615e+02
348,1.336250e+02
349,1.248649e+02
350,1.566901e+02
351,1.680133e+02
352,2.215661e+02
353,1.750802e+02
354,1.094466e+02
355,9.404725e+01
356,8.727669e+01
357,7.047176e+01
358,6.828007e+01
359,5.009010e+01
360,5.218321e+01
361,4.158226e+01
362,3.914980e+01
363,2.770395e+01
364,2.063163e+01
365,2.802628e+01
366,2.723680e+01
367,2.133974e+01
368,2.183954e+01
369,4.708723e+01
370,5.256197e+01
371,7.006656e+01
372,7.498346e+01
373,9.442453e+01
374,6.521169e+01
375,4.046218e+01
376,6.259676e+01
377,6.294629e+01
378,4.061384e+01
379,4.434921e+01
380,7.467699e+01
381,7.010278e+01
382,5.931076e+01
383,8.800187e+01
384,1.291030e+02
385,1.240849e+02
386,1.266624e+02
387,8.880840e+01
388,7.343702e+01
389,8.200559e+01
390,8.544721e+01
391,1.253105e+02
392,1.571918e+02
393,1.454914e+02
394,8.354198e+01
395,6.298636e+01
396,6.904979e+01
397,6.636801e+01
398,8.644066e+01
