atom_number,rmsf
25,1.229253e+00
31,9.876462e-01
45,9.333033e-01
64,1.052794e+00
79,9.812039e-01
103,8.268923e-01
123,8.877954e-01
142,1.006862e+00
153,9.227404e-01
170,8.497278e-01
181,9.214870e-01
198,9.298363e-01
217,1.007268e+00
234,1.080630e+00
256,1.040157e+00
285,1.204275e+00
291,1.211034e+00
302,1.137229e+00
324,1.031205e+00
335,9.038355e-01
349,8.425327e-01
368,7.822937e-01
387,9.111789e-01
404,9.531440e-01
421,1.137841e+00
428,1.007363e+00
443,9.694027e-01
465,7.910151e-01
475,8.111425e-01
490,6.968611e-01
504,6.137494e-01
523,6.257139e-01
544,6.464742e-01
565,7.172483e-01
584,8.606646e-01
600,9.828442e-01
622,1.048273e+00
629,9.266048e-01
640,7.854069e-01
656,7.734871e-01
666,6.677510e-01
682,7.397725e-01
701,7.976617e-01
720,9.913802e-01
742,1.211273e+00
754,1.702241e+00
769,1.983804e+00
784,1.906809e+00
791,1.114530e+00
813,8.167292e-01
828,7.516867e-01
845,6.950475e-01
864,7.687738e-01
883,8.721350e-01
894,8.484005e-01
915,7.737782e-01
934,8.987246e-01
948,9.714179e-01
965,8.760616e-01
972,6.763500e-01
984,5.980450e-01
1004,5.680188e-01
1023,6.227697e-01
1030,6.273255e-01
1045,6.596067e-01
1064,6.962641e-01
1071,6.720329e-01
1090,7.894389e-01
1110,9.016091e-01
1125,1.165050e+00
1140,1.185744e+00
1147,8.678983e-01
1164,8.901011e-01
1179,7.806863e-01
1203,9.600449e-01
1214,9.003154e-01
1224,7.995546e-01
1248,7.396022e-01
1264,8.316202e-01
1288,8.756445e-01
1298,1.086973e+00
1320,1.173392e+00
1334,1.173336e+00
1344,9.605222e-01
1355,9.242599e-01
1370,7.979555e-01
1386,7.476192e-01
1396,7.217844e-01
1411,7.352132e-01
1430,7.845189e-01
1441,7.324993e-01
1462,9.205330e-01
1484,8.773157e-01
1506,7.503806e-01
1526,8.381270e-01
1550,9.517046e-01
1567,8.467419e-01
1586,8.307028e-01
1605,1.126871e+00
1622,1.080938e+00
1638,1.061863e+00
1660,9.270728e-01
1666,8.817918e-01
1678,8.318731e-01
1697,7.121726e-01
1716,7.131732e-01
1733,7.402038e-01
1757,6.221185e-01
1776,5.681892e-01
1787,6.275649e-01
1797,6.235923e-01
1814,5.531539e-01
1831,5.651705e-01
1841,6.389524e-01
1865,6.227271e-01
1889,5.700025e-01
1908,6.244557e-01
1925,7.043133e-01
1941,6.381888e-01
1955,6.502393e-01
1966,7.469183e-01
1981,7.180480e-01
2003,6.723118e-01
2019,7.454447e-01
2026,7.867075e-01
2040,8.000905e-01
2059,8.367140e-01
2069,8.993308e-01
2089,1.083222e+00
2108,1.598482e+00
2120,1.373845e+00
2136,1.400256e+00
2150,1.497701e+00
2157,1.190696e+00
2181,1.046412e+00
2200,1.384605e+00
2210,1.499262e+00
2227,1.158626e+00
2241,1.360157e+00
2260,1.834615e+00
2279,1.787747e+00
2293,1.591141e+00
2312,2.090851e+00
2322,2.547610e+00
2344,2.490178e+00
2369,2.894697e+00
2375,2.460022e+00
2387,2.169194e+00
2397,2.518584e+00
2414,2.950398e+00
2428,3.030043e+00
2453,3.592589e+00
2459,3.037620e+00
2471,2.355770e+00
2478,2.128591e+00
2495,1.970137e+00
2512,1.727983e+00
2531,1.805603e+00
2553,1.368702e+00
2572,1.293123e+00
2586,1.258792e+00
2610,1.144648e+00
2627,8.623598e-01
2642,8.056393e-01
2661,9.013686e-01
2668,7.239969e-01
2685,6.743982e-01
2704,8.085788e-01
2720,9.125591e-01
2727,1.153131e+00
2738,1.459340e+00
2749,1.516707e+00
2773,1.846892e+00
2788,1.640706e+00
2802,1.285337e+00
2818,1.570733e+00
2825,1.800971e+00
2849,1.554220e+00
2868,1.455308e+00
2887,1.839150e+00
2909,1.950367e+00
2926,1.771727e+00
2945,1.898615e+00
2960,2.284032e+00
2972,2.341435e+00
2989,2.249870e+00
3003,2.005660e+00
3022,1.736802e+00
3041,1.814826e+00
3052,1.757372e+00
3062,2.183076e+00
3079,2.334567e+00
3086,2.010128e+00
3108,1.792491e+00
3122,1.594102e+00
3141,1.778546e+00
3157,1.806540e+00
3173,2.168577e+00
3212,1.398144e+00
3218,1.083483e+00
3232,1.062335e+00
3251,1.210543e+00
3266,1.159788e+00
3290,9.800802e-01
3310,1.035276e+00
3329,1.217586e+00
3340,1.150642e+00
3357,1.012543e+00
3368,1.059087e+00
3385,1.012037e+00
3404,1.013726e+00
3421,1.046065e+00
3443,8.998924e-01
3472,9.978100e-01
3478,9.893144e-01
3489,9.484036e-01
3511,8.663529e-01
3522,7.748675e-01
3536,7.509235e-01
3555,7.140713e-01
3574,8.825871e-01
3591,9.260288e-01
3608,1.093902e+00
3615,1.104576e+00
3630,1.100221e+00
3652,9.024839e-01
3662,9.788596e-01
3677,8.385537e-01
3691,7.107483e-01
3710,7.051347e-01
3731,7.040673e-01
3752,6.962044e-01
3771,8.778099e-01
3787,9.491053e-01
3809,9.327417e-01
3816,8.149065e-01
3827,6.578889e-01
3843,6.371840e-01
3853,6.054181e-01
3869,7.007462e-01
3888,8.464786e-01
3907,1.059091e+00
3929,1.493120e+00
3941,1.600773e+00
3956,1.717753e+00
3971,1.934609e+00
3978,1.540877e+00
4000,1.009925e+00
4015,8.740343e-01
4032,7.396545e-01
4051,7.886318e-01
4070,8.159551e-01
4081,7.227410e-01
4102,6.847197e-01
4121,8.255813e-01
4135,8.975499e-01
4152,8.393029e-01
4159,6.194122e-01
4171,5.792481e-01
4191,5.631940e-01
4210,6.611725e-01
4217,6.619259e-01
4232,6.769553e-01
4251,8.124333e-01
4258,7.842758e-01
4277,8.299568e-01
4297,9.651013e-01
4312,1.313685e+00
4327,1.310269e+00
4334,9.604043e-01
4351,9.949334e-01
4366,8.324628e-01
4390,8.953030e-01
4401,8.175781e-01
4411,6.982242e-01
4435,6.089762e-01
4451,6.821916e-01
4475,7.370888e-01
4485,8.351131e-01
4507,9.447099e-01
4521,1.003733e+00
4531,8.720201e-01
4542,9.007650e-01
4557,7.935840e-01
4573,8.293114e-01
4583,8.347777e-01
4598,8.698655e-01
4617,9.231811e-01
4628,8.772552e-01
4649,1.060477e+00
4671,1.023782e+00
4693,8.749144e-01
4713,9.803241e-01
4737,1.094234e+00
4754,9.912383e-01
4773,9.648966e-01
4792,1.170567e+00
4809,1.209279e+00
4825,1.053549e+00
4847,9.233920e-01
4853,8.026325e-01
4865,7.442533e-01
4884,6.740958e-01
4903,6.444071e-01
4920,6.365312e-01
4944,5.697093e-01
4963,5.547970e-01
4974,5.674365e-01
4984,5.617539e-01
5001,5.412844e-01
5018,5.455161e-01
5028,5.824279e-01
5052,5.526178e-01
5076,5.344998e-01
5095,5.711582e-01
5112,5.967202e-01
5128,5.898979e-01
5142,6.152104e-01
5153,6.421456e-01
5168,6.516800e-01
5190,6.673256e-01
5206,7.279779e-01
5213,7.236536e-01
5227,7.143052e-01
5246,7.340313e-01
5256,7.404410e-01
5276,8.892103e-01
5295,1.183989e+00
5307,1.015228e+00
5323,1.090639e+00
5337,1.063486e+00
5344,8.881959e-01
5368,8.417568e-01
5387,9.955106e-01
5397,1.001497e+00
5414,9.418323e-01
5428,1.087451e+00
5447,1.189667e+00
5466,1.295754e+00
5480,1.392524e+00
5499,1.600630e+00
5509,1.890414e+00
5531,2.065329e+00
5556,2.475409e+00
5562,2.829837e+00
5574,2.253251e+00
5584,2.178141e+00
5601,2.439982e+00
5615,2.526606e+00
5640,2.901465e+00
5646,2.579196e+00
5658,2.039234e+00
5665,1.890335e+00
5682,1.821021e+00
5699,1.636339e+00
5718,1.610693e+00
5740,1.379564e+00
5759,1.408092e+00
5773,1.256955e+00
5797,1.219637e+00
5814,1.025975e+00
5829,8.853858e-01
5848,1.031926e+00
5855,1.017288e+00
5872,9.004516e-01
5891,9.109352e-01
5907,1.337573e+00
5914,1.413193e+00
5925,1.631628e+00
5936,1.687907e+00
5960,1.894123e+00
5975,1.574086e+00
5989,1.239911e+00
6005,1.542204e+00
6012,1.546503e+00
6036,1.242232e+00
6055,1.298102e+00
6074,1.684454e+00
6096,1.632050e+00
6113,1.501179e+00
6132,1.828571e+00
6147,2.214797e+00
6159,2.171327e+00
6176,2.193763e+00
6190,1.836931e+00
6209,1.670411e+00
6228,1.765174e+00
6239,1.801834e+00
6249,2.182024e+00
6266,2.443885e+00
6273,2.351172e+00
6295,1.781633e+00
6309,1.546995e+00
6328,1.619746e+00
6344,1.587981e+00
6360,1.812278e+00
6381,2.492928e+00
